Name,Date
走几步,2022/07/05 7:35 AM (GMT+8)
买早餐,2022/07/04
在跟前起舞,2022/07/03 11:40 AM (GMT+8)
诉衷情,2022/07/02 10:50 AM (GMT+8)
常见的桥段,2022/06/29 10:42 PM (GMT+8)
尊重生命的选择,2022/06/30 10:54 PM (GMT+8)
熬到黎明,2022/06/27 7:48 AM (GMT+8)
现实,2022/06/26
努力争取,2022/06/24
那个她,2022/06/23
爱的早餐,2022/06/22
甜蜜蜜,2022/06/21
追姑娘,2022/06/20
诗经·黔风·子美,2022/06/17
女友,2022/06/17
散文诗,2022/06/18
诗经·黔风·子美,2022/06/17
相思意,2022/06/19
唱歌给你听,2022/07/07
书写那片土地,2022/03/15
一辈子,2022/03/19
乌龟样,2022/04/09
残损的手掌,2022/04/12
筵席,2022/04/13
大街上,2022/04/14
菜市场,2022/04/16
正常人,2022/04/18
原则,2022/04/17
胜天半子,2022/04/19
磨炼,2022/04/20
横竖不亏,2022/07/08
滋味,2022/07/09
花开天涯,2022/07/06
断句,2022/05/29
未来,2022/07/11
奔跑,2022/04/21
护城河,2022/04/23
出彩,2022/04/24
骑驴看马,2022/04/25
耀眼的阳光,2022/04/28
遗憾,2022/05/01
诉衷情,2022/05/02
春梦,2022/05/03
黄昏色天空下,2022/07/12
打工人,2022/05/06
求爱,2022/05/07
好色有品,2022/05/08
修心,2022/05/09
傻逼,2022/05/10
盖高楼,2022/05/11
平淡是真,2022/07/13
长出翅膀,2022/07/13
学笋做竹,2022/05/13
洗牌,2022/05/14
乡下人在省城,2022/05/15
时间把它香醇,2022/05/04
老鼠,2022/05/04
纯洁,2022/05/05
学鲶鱼啃咬花草,2022/05/16
半句嫌多,2022/05/17
大计基,2022/05/18
校园霸凌,2022/05/19
梧桐树下,2022/05/20
挫折,2022/05/21
苦头儿,2022/05/22
先有面包,2022/05/23
当诗来读,2022/05/24
唱山歌,2022/05/25
狡辩,2022/05/26
办公室,2022/05/28
寝室,2022/05/30
应有的意义,2022/06/01
正常人,2022/05/31
捎信,2022/06/02
酒醒何处,2022/06/03
好想你,2022/06/04
退出,2022/06/07
绝处逢生,2022/06/06
走在月光下,2022/06/08
内卷之王,2022/06/09
且以诗名,2022/06/10
夜风在歌唱,2022/06/11
很想你,2022/06/12
路边痴想,2022/06/13
相逢,2022/06/14
烦恼,2022/06/15
图书馆,2022/06/16
拍一拍,2022/07/10
抒情诗,2022/03/04
文学的人生,2022/03/07
写情书比较麻烦,2022/03/10
姑娘啊,2021/12/16
相由心生,2022/03/11
人性的枷锁,2022/03/12
谎言大师,2022/03/13
就写这样的诗,2022/03/14
诗风雅颂,2022/03/17
射箭,2022/03/20
采薇啊采薇,2022/03/21
忽然成熟了,2022/03/22
有点儿灰心,2022/03/24
搭建桥梁,2022/03/23
思无邪,2022/03/25
野草,2022/03/26
命运之舟,2022/03/27
夜未央,2022/03/28
画圆,2022/03/29
老农民,2022/03/30
希望,2022/03/31
落雨,2022/04/01
万物皆空,2022/04/02
伤逝,2022/04/03
无我之境,2022/04/04
致青春,2022/04/05
矛盾,2022/04/06
我要秃了,2022/04/07
谋生,2022/04/08
安安静静,2022/04/10
硬着头皮,2022/04/11
不朽,2022/04/15
语言,2022/04/27
小说,2022/04/29
劳碌命,2022/04/30
献礼,2021/05/23
我的尿滋出春天来,2020/02/27
大女神,2021/05/31
哥哥啊，我的哥哥,2020/12/27
造化,
我要做冠军,
害羞,2021/04/02
红豆,2021/06/06
爱情,2021/05/26
在你身后,2021/06/05
苦涩的青春,2021/06/05
泡妞,
她,2022/07/16
追梦的路上,2022/07/17
多巴胺,2022/08/04
理性,2022/08/03
实在人,2022/08/01
初心,2022/07/31
找到帮手,2022/07/29
省时间,2022/08/20
我亲爱的女孩,2022/08/19
好人多歹命,2022/09/18
婚姻,2022/09/14
诗三百,2022/09/10
万水千山,2022/09/08
成熟,2022/09/05
思无邪,2022/09/06
看几眼,2022/09/04
我曾爱她,2022/09/28
我的梦想,2022/09/30
哀求无果,2022/10/01
酒店,2022/10/03
没有本事,2022/10/04
掉进钱眼,2022/10/06
没有题目,2022/10/10
智慧,2022/10/12
有所贡献,2022/10/13
残,2022/10/11
上岸,2022/10/09
我的诗歌生涯,2022/10/02
搞钱,2022/09/28
摆摊,2022/09/27
书,2022/09/26
自私,2022/10/18
大忽悠,2022/10/19
集团,2022/10/24
做只好猫,2022/11/01
诗人,2022/11/02
现实,2022/10/26
漂着的感觉,2022/10/22
情深缘浅,2022/10/25
枷锁,2022/10/21
美容,2022/08/13
放手,2022/10/20
最帅的人,2022/11/04
伤逝,2022/11/07
地沟游,2022/11/23
书写梦,2022/11/08
和光同尘,2022/11/09
适应者,2022/11/12
不朽的事业,2022/11/19
无题,2022/11/14
裹几层泥,2022/11/18
淮阴侯,2022/11/22
作家的信念,2022/11/20
烂尾楼,2022/11/26
追忆,2022/11/24
花果园,2022/11/27
鸡杂盖饭,2022/11/29
读书,2022/12/01
赢麻了,2022/11/30
涟漪,2022/12/04
野狗,2022/12/06
用力地活着,2022/12/07
寒冬夜行人,2022/12/08
认知,2022/12/12
世界之光,2022/12/11
知识分子,2022/12/10
走到尽头,
脊梁,2022/12/13
关于写诗,2022/12/14
爱,2022/12/15
周末,2022/12/18
渡劫,2022/12/19
生存法则,2022/12/20
广积粮,2022/12/27
生日,2022/12/21
挑大梁,2022/12/29
贼船,
贼船,2023/01/05
狗,2023/01/06
还是舔狗,2023/09/15
交流,2024/02/21
犹如春风,
铁公鸡,2023/09/19